Theme,Keyword,Search Volume,Est CPC,Source,Competitors
Autoimmune Testing,autoimmune labs,400,,seed,Function
Autoimmune Testing,blood tests for autoimmune diseases,250,,seed,Function
Autoimmune Testing,tests for autoimmune disease,250,,seed,Function
Autoimmune Testing,autoimmune doctors near me,200,,seed,Function
Biological Age Testing,blood test for biological age,320,6.019999980926514,expansion,trudiagnostic.com
Biological Age Testing,bioage health,260,3.4000000953674316,expansion,trudiagnostic.com
Biological Age Testing,biological age test near me,170,3.809999942779541,expansion,trudiagnostic.com
Biological Age Testing,test for biological age,110,4.139999866485596,expansion,trudiagnostic.com
Biological Age Testing,biological age test at home,90,6.970000267028809,expansion,trudiagnostic.com
Biological Age Testing,biological age test online,70,2.0,expansion,trudiagnostic.com
Biological Age Testing,biological age online test,70,2.0,expansion,trudiagnostic.com
Biological Age Testing,at home biological age test,70,3.7899999618530273,expansion,trudiagnostic.com
Biological Age Testing,biological age test cost,70,2.8499999046325684,expansion,trudiagnostic.com
Biological Age Testing,pace of aging,50,17.899999618530273,expansion,trudiagnostic.com
Biological Age Testing,biological age test price,40,3.4100000858306885,expansion,trudiagnostic.com
Biological Age Testing,how to measure biological age at home,40,1.4199999570846558,expansion,trudiagnostic.com
Comprehensive Blood Testing,routine blood work,400,,seed,Function
Comprehensive Blood Testing,blood work tests,200,,seed,Rythm Health
Comprehensive Blood Testing,complete body checkup,150,,seed,Function
Comprehensive Blood Testing,blood work test near me,50,,seed,Function
Comprehensive Blood Testing,nutrition blood panel,40,,seed,Function
Comprehensive Blood Testing,comprehensive female panel blood test near me,20,,seed,Function
Comprehensive Blood Testing,full bloodwork,10,,seed,Function
Direct-to-Consumer Lab Orders,blood test esr,40500,0.6000000238418579,expansion,healthlabs.com
Direct-to-Consumer Lab Orders,lab test shbg,2900,3.559999942779541,expansion,letsgetchecked.com
Direct-to-Consumer Lab Orders,blood test prices,1600,2.9800000190734863,expansion,letsgetchecked.com
Direct-to-Consumer Lab Orders,blood test hematocrit,400,,seed,Function
Direct-to-Consumer Lab Orders,blood test packages,150,,seed,Function
Direct-to-Consumer Lab Orders,mobile blood work,90,,seed,Function
Direct-to-Consumer Lab Orders,at home blood collection device,90,3.3600001335144043,expansion,trudiagnostic.com
Direct-to-Consumer Lab Orders,women's health blood test,70,,seed,Function
Direct-to-Consumer Lab Orders,blood test private,50,,seed,Function
Direct-to-Consumer Lab Orders,best blood test lab near me,40,,seed,Function
Direct-to-Consumer Lab Orders,blood test tracking app,30,,seed,Rythm Health
Direct-to-Consumer Lab Orders,how much for blood work without insurance,30,,seed,Function
Direct-to-Consumer Lab Orders,order blood test without doctor,20,,seed,Function
Direct-to-Consumer Lab Orders,blood test orders,10,,seed,Function
Direct-to-Consumer Lab Orders,lab test order online,10,,seed,Function
Direct-to-Consumer Lab Orders,lab without doctor order,10,,seed,Function
Direct-to-Consumer Lab Orders,online health tests,10,,seed,Function
Direct-to-Consumer Lab Orders,order my own blood test,10,,seed,Function
Direct-to-Consumer Lab Orders,fertility blood test at home,0,,seed,Function
Functional/Integrative Medicine,functional health and wellness,150,,seed,Function
Functional/Integrative Medicine,integrative wellness center near me,70,,seed,Function
Functional/Integrative Medicine,wellness physician,30,,seed,Function
Functional/Integrative Medicine,affordable functional medicine doctor near me,10,,seed,Function
Health Optimization/Longevity,executive health exam,200,,seed,Function
Health Optimization/Longevity,longevity doctors near me,150,,seed,Function
Health Optimization/Longevity,private health assessment,150,,seed,Function
Health Optimization/Longevity,longevity index test,40,5.779999732971191,expansion,trudiagnostic.com
Hormone Testing,blood test for cortisol levels,8100,2.990000009536743,expansion,healthlabs.com; insidetracker.com
Hormone Testing,females testosterone,6600,2.8600001335144043,expansion,insidetracker.com
Hormone Testing,females and testosterone,6600,2.8600001335144043,expansion,insidetracker.com
Hormone Testing,lh hormone in females,1000,4.260000228881836,expansion,letsgetchecked.com
Hormone Testing,female hormone blood test,250,,seed,Function
Hormone Testing,hormone wellness center,200,,seed,Function
Hormone Testing,how to test hormone levels at home,90,,seed,Function
Hormone Testing,at home blood testosterone test,30,,seed,Rythm Health
Hormone Testing,hormone naturopathic doctor,20,,seed,Function
Hormone Testing,who can test my hormone levels,10,,seed,Function
Preventive Health Screening,biometric screening near me,700,,seed,Function
Preventive Health Screening,preventive health screening,450,,seed,Function
Preventive Health Screening,biometric health screening,400,,seed,Function
Preventive Health Screening,full body health check,200,,seed,Function
Preventive Health Screening,heart health screening,200,,seed,Function
Preventive Health Screening,preventive medicine specialist,200,,seed,Function
Preventive Health Screening,preventive screenings,150,,seed,Function
Preventive Health Screening,pre cancer screening,90,,seed,Function
Preventive Health Screening,health screening blood test,70,,seed,Function
Preventive Health Screening,health screening nyc,50,,seed,Function
Preventive Health Screening,blood test screening,40,,seed,Rythm Health
Preventive Health Screening,health and wellness screening,10,,seed,Function
Preventive Health Screening,health screening miami,10,,seed,Function
Preventive Health Screening,men's private health check,0,,seed,Function
Specific Biomarker Tests,how to get tested for parasites,250,,seed,Function
Specific Biomarker Tests,methylation test near me,250,,seed,Function
Specific Biomarker Tests,online allergy test,250,,seed,Function
Specific Biomarker Tests,blood test for food sensitivity,200,,seed,Function
Specific Biomarker Tests,how to test for parasites in humans,200,,seed,Function
Specific Biomarker Tests,how to test for candida overgrowth,150,,seed,Function
Vitamin & Nutrient Testing,vitamin d deficiency blood test,12100,1.899999976158142,expansion,healthlabs.com
Vitamin & Nutrient Testing,blood test vitamin d deficiency,12100,1.899999976158142,expansion,healthlabs.com
Vitamin & Nutrient Testing,blood work vitamin d,9900,3.7799999713897705,expansion,healthlabs.com; insidetracker.com
Vitamin & Nutrient Testing,test for folic acid,1600,3.4700000286102295,expansion,letsgetchecked.com
Vitamin & Nutrient Testing,how to test for vitamin a deficiency,1000,2.549999952316284,expansion,letsgetchecked.com
Vitamin & Nutrient Testing,micronutrient panel,500,,seed,Function
Vitamin & Nutrient Testing,how to test for vitamin deficiency,250,,seed,Function
Vitamin & Nutrient Testing,blood test for mineral deficiency,50,,seed,Function
Vitamin & Nutrient Testing,online vitamin deficiency test,30,,seed,Function
Vitamin & Nutrient Testing,where to get tested for vitamin deficiency,20,,seed,Function
Vitamin & Nutrient Testing,vitamin d and inflammation test,10,,seed,Function
Weight Loss & Metabolic,bloodwork for weight loss,10,,seed,Function
Weight Loss & Metabolic,metabolic blood work,10,,seed,Function
